{"cameraMode":{"drawMode":0,"name":"Shaded","section":"Shading Mode"},"sceneLighting":true,"audioPlay":false,"sceneViewState":{"m_AlwaysRefresh":false,"showFog":true,"showSkybox":true,"showFlares":true,"showImageEffects":true,"showParticleSystems":true,"showVisualEffectGraphs":true,"m_FxEnabled":true},"in2DMode":false,"pivot":{"x":119.02115631103516,"y":4.746120452880859,"z":-52.615142822265628},"rotation":{"x":0.057459935545921329,"y":-0.9300414323806763,"z":0.16520604491233827,"w":0.3232960104942322},"size":22.90410614013672,"orthographic":false}